,model_name,accuracy_score,f1_score,precision_score,recall_score,predictions_time,number_of_predictions,fulltext lenght,model_size
0,TrueNetTextRNN,0.86,0.8571428571428571,0.84,0.875,0.9750662090009428,50,103010,44773
1,TrueNetTextUsingBERTMaskedPredictions,0.78,0.7843137254901961,0.7407407407407407,0.8333333333333334,172.69630379199953,50,103010,2227
2,TrueNetTextLogisticRegression,0.86,0.8627450980392157,0.8148148148148148,0.9166666666666666,0.9126090419958928,50,103010,2606
3,TrueNetTextDecisionTreeClassifier,0.88,0.88,0.8461538461538461,0.9166666666666666,0.912760541003081,50,103010,8240
4,TrueNetTextKNeighborsClassifier,0.92,0.9166666666666666,0.9166666666666666,0.9166666666666666,0.9171390419942327,50,103010,111528
5,TrueNetTextSVC,0.9,0.9019607843137255,0.8518518518518519,0.9583333333333334,0.9015468750003492,50,103010,24105
6,TrueNetTextTfidfNaiveBayesClassifier,0.88,0.88,0.8461538461538461,0.9166666666666666,0.012922667003294919,50,103010,16100
7,LightGBMClassifier (LgbmInternal),0.94,0.9387755102040817,0.92,0.9583333333333334,6.621025833002932,50,103010,543730
